#Filename,File Type,Radial Velocity (km/s),Guessed Spectral Type,Guessed [Fe/H],User Spectral Type,User [Fe/H]
/Users/benjaminroulston/Desktop/SB2_CompositeSpec/A0V+F5.txt,csv,3.5633333332288637,A0,+0.0,A0,+0.0
/Users/benjaminroulston/Desktop/SB2_CompositeSpec/A0V+F6.txt,csv,3.6099999998941428,A0,+0.0,A0,+0.0
/Users/benjaminroulston/Desktop/SB2_CompositeSpec/A0V+F7.txt,csv,3.5083333332304485,A0,+0.0,A0,+0.0
/Users/benjaminroulston/Desktop/SB2_CompositeSpec/A0V+F9.txt,csv,3.6283333332269385,A0,+0.0,A0,+0.0
/Users/benjaminroulston/Desktop/SB2_CompositeSpec/A2V+F5.txt,csv,-95.20999999720846,A2,+0.0,A2,+0.0
/Users/benjaminroulston/Desktop/SB2_CompositeSpec/A2V+F6.txt,csv,-95.03499999721357,A3,-1.0,A3,-1.0
/Users/benjaminroulston/Desktop/SB2_CompositeSpec/A2V+F7.txt,csv,-95.36666666387053,A3,-1.0,A3,-1.0
/Users/benjaminroulston/Desktop/SB2_CompositeSpec/A2V+F9.txt,csv,-95.00166666388122,A3,-1.0,A3,-1.0
/Users/benjaminroulston/Desktop/SB2_CompositeSpec/A3V+F5.txt,csv,-10.328333333030505,A3,+0.5,A3,+0.5
/Users/benjaminroulston/Desktop/SB2_CompositeSpec/A3V+F6.txt,csv,-10.209999999700651,A3,+0.5,nan,nan
/Users/benjaminroulston/Desktop/SB2_CompositeSpec/A3V+F7.txt,csv,-10.228333333033438,A3,+0.5,nan,nan
/Users/benjaminroulston/Desktop/SB2_CompositeSpec/A3V+F9.txt,csv,-10.021666666372823,A3,+0.5,nan,nan
/Users/benjaminroulston/Desktop/SB2_CompositeSpec/A5V+F5.txt,csv,-76.37999999776055,A6,+0.0,nan,nan
/Users/benjaminroulston/Desktop/SB2_CompositeSpec/A5V+F6.txt,csv,-72.76833333119977,A6,+0.0,nan,nan
/Users/benjaminroulston/Desktop/SB2_CompositeSpec/A5V+F7.txt,csv,-76.83999999774706,A6,+0.0,nan,nan
/Users/benjaminroulston/Desktop/SB2_CompositeSpec/A5V+F9.txt,csv,-72.84833333119742,A6,+0.0,nan,nan
/Users/benjaminroulston/Desktop/SB2_CompositeSpec/A7V+F5.txt,csv,-57.25166666498804,A7,-0.5,nan,nan
/Users/benjaminroulston/Desktop/SB2_CompositeSpec/A7V+F6.txt,csv,-57.22166666498892,A7,-0.5,nan,nan
/Users/benjaminroulston/Desktop/SB2_CompositeSpec/A7V+F7.txt,csv,-58.2483333316255,A7,-0.5,nan,nan
/Users/benjaminroulston/Desktop/SB2_CompositeSpec/A7V+F9.txt,csv,-65.67249999807447,A7,-0.5,nan,nan
/Users/benjaminroulston/Desktop/SB2_CompositeSpec/G0+A0V.txt,csv,3.5383333332295877,A0,+0.0,nan,nan
/Users/benjaminroulston/Desktop/SB2_CompositeSpec/G0+A2V.txt,csv,-95.28333333053963,A3,-1.0,nan,nan
/Users/benjaminroulston/Desktop/SB2_CompositeSpec/G0+A3V.txt,csv,-9.216666666396415,A3,+0.5,nan,nan
/Users/benjaminroulston/Desktop/SB2_CompositeSpec/G0+A5V.txt,csv,-72.70333333120169,A6,+0.0,nan,nan
/Users/benjaminroulston/Desktop/SB2_CompositeSpec/G0+A7V.txt,csv,-57.14666666499112,A7,-0.5,nan,nan
/Users/benjaminroulston/Desktop/SB2_CompositeSpec/G0+F5.txt,csv,-3.10249999990903,F7,+0.0,nan,nan
/Users/benjaminroulston/Desktop/SB2_CompositeSpec/G0+F6.txt,csv,-3.354999999901635,F7,+0.0,nan,nan
/Users/benjaminroulston/Desktop/SB2_CompositeSpec/G0+F7.txt,csv,-27.614999999190317,F7,-1.0,nan,nan
/Users/benjaminroulston/Desktop/SB2_CompositeSpec/G0+F9.txt,csv,24.943333332601995,F8,-0.5,nan,nan
/Users/benjaminroulston/Desktop/SB2_CompositeSpec/G1+A0V.txt,csv,3.59666666656121,A0,+0.0,nan,nan
/Users/benjaminroulston/Desktop/SB2_CompositeSpec/G1+A2V.txt,csv,11.388333332999423,A3,-1.0,nan,nan
/Users/benjaminroulston/Desktop/SB2_CompositeSpec/G1+A3V.txt,csv,-9.1299999997323,A3,+0.5,nan,nan
/Users/benjaminroulston/Desktop/SB2_CompositeSpec/G1+A5V.txt,csv,-74.21833333115727,A6,+0.0,nan,nan
/Users/benjaminroulston/Desktop/SB2_CompositeSpec/G1+A7V.txt,csv,-57.28499999832041,A7,-0.5,nan,nan
/Users/benjaminroulston/Desktop/SB2_CompositeSpec/G1+F5.txt,csv,-5.0833333331842825,F7,-1.0,nan,nan
/Users/benjaminroulston/Desktop/SB2_CompositeSpec/G1+F6.txt,csv,-0.5474999999839482,G0,-0.5,nan,nan
/Users/benjaminroulston/Desktop/SB2_CompositeSpec/G1+F7.txt,csv,0.4974999999854277,G3,+0.0,nan,nan
/Users/benjaminroulston/Desktop/SB2_CompositeSpec/G1+F9.txt,csv,-11.30749999966846,G1,-1.0,nan,nan
/Users/benjaminroulston/Desktop/SB2_CompositeSpec/G3+A0V.txt,csv,3.59666666656121,A0,+0.0,nan,nan
/Users/benjaminroulston/Desktop/SB2_CompositeSpec/G3+A2V.txt,csv,11.289999999668973,A3,-1.0,nan,nan
/Users/benjaminroulston/Desktop/SB2_CompositeSpec/G3+A3V.txt,csv,-9.22166666639628,A3,+0.5,nan,nan
/Users/benjaminroulston/Desktop/SB2_CompositeSpec/G3+A5V.txt,csv,-74.39166666448551,A6,+0.0,nan,nan
/Users/benjaminroulston/Desktop/SB2_CompositeSpec/G3+A7V.txt,csv,-57.174999998323635,A7,-0.5,nan,nan
/Users/benjaminroulston/Desktop/SB2_CompositeSpec/G3+F5.txt,csv,-2.0599999999396026,F7,+0.0,nan,nan
/Users/benjaminroulston/Desktop/SB2_CompositeSpec/G3+F6.txt,csv,-1.847499999945828,G0,-0.5,nan,nan
/Users/benjaminroulston/Desktop/SB2_CompositeSpec/G3+F7.txt,csv,-4.801666666525884,G1,-1.0,nan,nan
/Users/benjaminroulston/Desktop/SB2_CompositeSpec/G3+F9.txt,csv,-14.197499999583725,G1,-1.0,nan,nan
/Users/benjaminroulston/Desktop/SB2_CompositeSpec/G4+A0V.txt,csv,3.6483333332263803,A0,+0.0,nan,nan
/Users/benjaminroulston/Desktop/SB2_CompositeSpec/G4+A2V.txt,csv,11.354999999667077,A3,-1.0,nan,nan
/Users/benjaminroulston/Desktop/SB2_CompositeSpec/G4+A3V.txt,csv,-9.16166666639804,A3,+0.5,nan,nan
/Users/benjaminroulston/Desktop/SB2_CompositeSpec/G4+A5V.txt,csv,-69.4099999979649,A6,+0.0,nan,nan
/Users/benjaminroulston/Desktop/SB2_CompositeSpec/G4+A7V.txt,csv,-57.22999999832202,A7,-0.5,nan,nan
/Users/benjaminroulston/Desktop/SB2_CompositeSpec/G4+F5.txt,csv,-7.2566666664539055,G3,+0.0,nan,nan
/Users/benjaminroulston/Desktop/SB2_CompositeSpec/G4+F6.txt,csv,-6.06166666648893,G3,+0.0,nan,nan
/Users/benjaminroulston/Desktop/SB2_CompositeSpec/G4+F7.txt,csv,-7.81833333310411,G3,-1.0,nan,nan
/Users/benjaminroulston/Desktop/SB2_CompositeSpec/G4+F9.txt,csv,-11.732499999656016,G3,-1.0,nan,nan
/Users/benjaminroulston/Desktop/SB2_CompositeSpec/G5+A0V.txt,csv,3.6199999998938686,A0,+0.0,nan,nan
/Users/benjaminroulston/Desktop/SB2_CompositeSpec/G5+A2V.txt,csv,11.378333332999725,A2,+0.0,nan,nan
/Users/benjaminroulston/Desktop/SB2_CompositeSpec/G5+A3V.txt,csv,-9.178333333064236,A3,+0.5,nan,nan
/Users/benjaminroulston/Desktop/SB2_CompositeSpec/G5+A5V.txt,csv,-71.1983333312458,A6,+0.0,nan,nan
/Users/benjaminroulston/Desktop/SB2_CompositeSpec/G5+A7V.txt,csv,-49.58999999854603,A7,-0.5,nan,nan
/Users/benjaminroulston/Desktop/SB2_CompositeSpec/G5+F5.txt,csv,5.689999999833161,G0,-0.5,nan,nan
/Users/benjaminroulston/Desktop/SB2_CompositeSpec/G5+F6.txt,csv,6.012499999823706,G0,-0.5,nan,nan
/Users/benjaminroulston/Desktop/SB2_CompositeSpec/G5+F7.txt,csv,-9.091666666400096,G3,+0.0,nan,nan
/Users/benjaminroulston/Desktop/SB2_CompositeSpec/G5+F9.txt,csv,-10.574999999689947,G1,-1.0,nan,nan
/Users/benjaminroulston/Desktop/SB2_CompositeSpec/G6+A0V.txt,csv,3.4999999998973785,A0,+0.0,nan,nan
/Users/benjaminroulston/Desktop/SB2_CompositeSpec/G6+A2V.txt,csv,11.42666666633165,A3,-1.0,nan,nan
/Users/benjaminroulston/Desktop/SB2_CompositeSpec/G6+A3V.txt,csv,-9.13833333306539,A3,+0.5,nan,nan
/Users/benjaminroulston/Desktop/SB2_CompositeSpec/G6+A5V.txt,csv,-70.99666666458505,A6,+0.0,nan,nan
/Users/benjaminroulston/Desktop/SB2_CompositeSpec/G6+A7V.txt,csv,-52.70749999845462,A7,-0.5,nan,nan
/Users/benjaminroulston/Desktop/SB2_CompositeSpec/G6+F5.txt,csv,-0.9216666666396424,G1,-1.0,nan,nan
/Users/benjaminroulston/Desktop/SB2_CompositeSpec/G6+F6.txt,csv,-0.9266666666395093,G1,-1.0,nan,nan
/Users/benjaminroulston/Desktop/SB2_CompositeSpec/G6+F7.txt,csv,-7.877499999769032,G4,-0.5,nan,nan
/Users/benjaminroulston/Desktop/SB2_CompositeSpec/G6+F9.txt,csv,-4.463333333202464,G3,+0.0,nan,nan
/Users/benjaminroulston/Desktop/SB2_CompositeSpec/G7+A0V.txt,csv,3.614999999893987,A0,+0.0,nan,nan
/Users/benjaminroulston/Desktop/SB2_CompositeSpec/G7+A2V.txt,csv,11.441666666331193,A3,-1.0,nan,nan
/Users/benjaminroulston/Desktop/SB2_CompositeSpec/G7+A3V.txt,csv,-141.44749999585278,A6,-1.5,nan,nan
/Users/benjaminroulston/Desktop/SB2_CompositeSpec/G7+A5V.txt,csv,-73.09833333119009,A6,+0.0,nan,nan
/Users/benjaminroulston/Desktop/SB2_CompositeSpec/G7+A7V.txt,csv,-58.17833333162755,A7,-0.5,nan,nan
/Users/benjaminroulston/Desktop/SB2_CompositeSpec/G7+F5.txt,csv,-2.4774999999273555,G3,-1.0,nan,nan
/Users/benjaminroulston/Desktop/SB2_CompositeSpec/G7+F6.txt,csv,-6.131666666486885,G3,-1.0,nan,nan
/Users/benjaminroulston/Desktop/SB2_CompositeSpec/G7+F7.txt,csv,-6.844999999799302,G4,-0.5,nan,nan
/Users/benjaminroulston/Desktop/SB2_CompositeSpec/G7+F9.txt,csv,-12.089999999645514,G4,-0.5,nan,nan
/Users/benjaminroulston/Desktop/SB2_CompositeSpec/G8+A0V.txt,csv,3.518333333230155,A0,+0.0,nan,nan
/Users/benjaminroulston/Desktop/SB2_CompositeSpec/G8+A2V.txt,csv,11.146666666339854,A3,-1.0,nan,nan
/Users/benjaminroulston/Desktop/SB2_CompositeSpec/G8+A3V.txt,csv,-10.283333333031834,A3,+0.5,nan,nan
/Users/benjaminroulston/Desktop/SB2_CompositeSpec/G8+A5V.txt,csv,-74.54999999781421,A6,+0.0,nan,nan
/Users/benjaminroulston/Desktop/SB2_CompositeSpec/G8+A7V.txt,csv,-58.128333331629015,A7,-0.5,nan,nan
/Users/benjaminroulston/Desktop/SB2_CompositeSpec/G8+F5.txt,csv,-0.8399999999753667,G0,-0.5,nan,nan
/Users/benjaminroulston/Desktop/SB2_CompositeSpec/G8+F6.txt,csv,1.289999999962177,G0,-0.5,nan,nan
/Users/benjaminroulston/Desktop/SB2_CompositeSpec/G8+F7.txt,csv,-7.721666666440263,G3,-1.0,nan,nan
/Users/benjaminroulston/Desktop/SB2_CompositeSpec/G8+F9.txt,csv,-13.334999999609018,G1,-1.0,nan,nan
/Users/benjaminroulston/Desktop/SB2_CompositeSpec/G9+A0V.txt,csv,3.3799999999008983,A0,+0.0,nan,nan
/Users/benjaminroulston/Desktop/SB2_CompositeSpec/G9+A2V.txt,csv,11.28499999966912,A3,-1.0,nan,nan
/Users/benjaminroulston/Desktop/SB2_CompositeSpec/G9+A3V.txt,csv,-10.084999999704308,A3,+0.5,nan,nan
/Users/benjaminroulston/Desktop/SB2_CompositeSpec/G9+A5V.txt,csv,-74.60666666447919,A6,+0.0,nan,nan
/Users/benjaminroulston/Desktop/SB2_CompositeSpec/G9+A7V.txt,csv,-52.91749999844848,A7,-0.5,nan,nan
/Users/benjaminroulston/Desktop/SB2_CompositeSpec/G9+F5.txt,csv,-4.988333333187075,G3,+0.0,nan,nan
/Users/benjaminroulston/Desktop/SB2_CompositeSpec/G9+F6.txt,csv,-2.0933333332719553,G1,-1.0,nan,nan
/Users/benjaminroulston/Desktop/SB2_CompositeSpec/G9+F7.txt,csv,-10.693333333019803,G4,-0.5,nan,nan
/Users/benjaminroulston/Desktop/SB2_CompositeSpec/G9+F9.txt,csv,-7.814999999770866,G3,-1.0,nan,nan
/Users/benjaminroulston/Desktop/SB2_CompositeSpec/K0+F5.txt,csv,-8.628333333080358,F7,-1.0,nan,nan
/Users/benjaminroulston/Desktop/SB2_CompositeSpec/K0+F6.txt,csv,0.6699999999803701,G0,-0.5,nan,nan
/Users/benjaminroulston/Desktop/SB2_CompositeSpec/K0+F7.txt,csv,-12.232499999641355,G3,-2.0,nan,nan
/Users/benjaminroulston/Desktop/SB2_CompositeSpec/K0+F9.txt,csv,-14.567499999572885,G1,-2.0,nan,nan
/Users/benjaminroulston/Desktop/SB2_CompositeSpec/K0+G0.txt,csv,-9.434999999723367,G3,+0.0,nan,nan
/Users/benjaminroulston/Desktop/SB2_CompositeSpec/K0+G1.txt,csv,-4.1099999998794905,G4,-0.5,nan,nan
/Users/benjaminroulston/Desktop/SB2_CompositeSpec/K0+G3.txt,csv,-1.0849999999681927,G5,+0.0,nan,nan
/Users/benjaminroulston/Desktop/SB2_CompositeSpec/K0+G4.txt,csv,-8.379999999754308,G8,-0.5,nan,nan
/Users/benjaminroulston/Desktop/SB2_CompositeSpec/K0+G5.txt,csv,-10.038333333039004,G8,+0.0,nan,nan
/Users/benjaminroulston/Desktop/SB2_CompositeSpec/K0+G6.txt,csv,1.2066666666312837,G6,+0.0,nan,nan
/Users/benjaminroulston/Desktop/SB2_CompositeSpec/K0+G7.txt,csv,-3.453333333232083,G9,-0.5,nan,nan
/Users/benjaminroulston/Desktop/SB2_CompositeSpec/K0+G8.txt,csv,-7.413333333115978,G8,+0.0,nan,nan
/Users/benjaminroulston/Desktop/SB2_CompositeSpec/K0+G9.txt,csv,-5.483333333172556,G9,-0.5,nan,nan
/Users/benjaminroulston/Desktop/SB2_CompositeSpec/K0+WD2.txt,csv,-8.322499999755987,G9,-0.5,nan,nan
/Users/benjaminroulston/Desktop/SB2_CompositeSpec/K0+WD3.txt,csv,-8.364999999754737,G9,-0.5,nan,nan
/Users/benjaminroulston/Desktop/SB2_CompositeSpec/K0+WD4.txt,csv,-9.886666666376803,G8,+0.0,nan,nan
/Users/benjaminroulston/Desktop/SB2_CompositeSpec/K0+WD5.txt,csv,-9.851666666377822,G8,+0.0,nan,nan
/Users/benjaminroulston/Desktop/SB2_CompositeSpec/K0+WD6.txt,csv,-9.828333333045167,G8,+0.0,nan,nan
/Users/benjaminroulston/Desktop/SB2_CompositeSpec/K0+WD7.txt,csv,-9.806666666379142,G8,+0.0,nan,nan
/Users/benjaminroulston/Desktop/SB2_CompositeSpec/K0+WD8.txt,csv,-9.789999999712965,G8,+0.0,nan,nan
/Users/benjaminroulston/Desktop/SB2_CompositeSpec/K0+WD9.txt,csv,-7.2733333331200845,G4,-0.5,nan,nan
/Users/benjaminroulston/Desktop/SB2_CompositeSpec/K0+WD10.txt,csv,-7.236666666454485,G4,-0.5,nan,nan
/Users/benjaminroulston/Desktop/SB2_CompositeSpec/K1+F5.txt,csv,-2.0424999999401163,G0,-0.5,nan,nan
/Users/benjaminroulston/Desktop/SB2_CompositeSpec/K1+F6.txt,csv,0.1299999999961863,G0,-0.5,nan,nan
/Users/benjaminroulston/Desktop/SB2_CompositeSpec/K1+F7.txt,csv,-1.2474999999634127,G3,+0.0,nan,nan
/Users/benjaminroulston/Desktop/SB2_CompositeSpec/K1+F9.txt,csv,-12.85749999962302,G1,-1.0,nan,nan
/Users/benjaminroulston/Desktop/SB2_CompositeSpec/K1+G0.txt,csv,-5.903333333160242,G3,+0.0,nan,nan
/Users/benjaminroulston/Desktop/SB2_CompositeSpec/K1+G1.txt,csv,-3.6749999998922473,G4,-0.5,nan,nan
/Users/benjaminroulston/Desktop/SB2_CompositeSpec/K1+G3.txt,csv,-5.9724999998248816,G3,+0.0,nan,nan
/Users/benjaminroulston/Desktop/SB2_CompositeSpec/K1+G4.txt,csv,-0.16499999999515635,G5,+0.0,nan,nan
/Users/benjaminroulston/Desktop/SB2_CompositeSpec/K1+G5.txt,csv,-1.9866666666084154,G5,+0.0,nan,nan
/Users/benjaminroulston/Desktop/SB2_CompositeSpec/K1+G6.txt,csv,1.2583333332964406,G6,+0.0,nan,nan
/Users/benjaminroulston/Desktop/SB2_CompositeSpec/K1+G7.txt,csv,-3.6599999998926878,G8,+0.0,nan,nan
/Users/benjaminroulston/Desktop/SB2_CompositeSpec/K1+G8.txt,csv,-8.458333333085339,G8,+0.0,nan,nan
/Users/benjaminroulston/Desktop/SB2_CompositeSpec/K1+G9.txt,csv,-1.1566666666327479,G6,+0.0,nan,nan
/Users/benjaminroulston/Desktop/SB2_CompositeSpec/K1+WD2.txt,csv,-5.262499999845701,G6,+0.0,nan,nan
/Users/benjaminroulston/Desktop/SB2_CompositeSpec/K1+WD3.txt,csv,-6.099999999821135,G8,+0.0,nan,nan
/Users/benjaminroulston/Desktop/SB2_CompositeSpec/K1+WD4.txt,csv,-6.099999999821135,G8,+0.0,nan,nan
/Users/benjaminroulston/Desktop/SB2_CompositeSpec/K1+WD5.txt,csv,-6.08499999982158,G8,+0.0,nan,nan
/Users/benjaminroulston/Desktop/SB2_CompositeSpec/K1+WD6.txt,csv,-6.072499999821947,G8,+0.0,nan,nan
/Users/benjaminroulston/Desktop/SB2_CompositeSpec/K1+WD7.txt,csv,-6.064999999822173,G8,+0.0,nan,nan
/Users/benjaminroulston/Desktop/SB2_CompositeSpec/K1+WD8.txt,csv,-2.5283333332592037,G3,+0.0,nan,nan
/Users/benjaminroulston/Desktop/SB2_CompositeSpec/K1+WD9.txt,csv,-2.5399999999255374,G3,+0.0,nan,nan
/Users/benjaminroulston/Desktop/SB2_CompositeSpec/K1+WD10.txt,csv,-5.414999999841247,G3,+0.0,nan,nan
/Users/benjaminroulston/Desktop/SB2_CompositeSpec/K2+F5.txt,csv,-10.678333333020241,F7,-1.0,nan,nan
/Users/benjaminroulston/Desktop/SB2_CompositeSpec/K2+F6.txt,csv,-5.2849999998450405,F7,-1.0,nan,nan
/Users/benjaminroulston/Desktop/SB2_CompositeSpec/K2+F7.txt,csv,-21.808333332693923,G3,-2.0,nan,nan
/Users/benjaminroulston/Desktop/SB2_CompositeSpec/K2+F9.txt,csv,-21.139999999380187,G1,-2.0,nan,nan
/Users/benjaminroulston/Desktop/SB2_CompositeSpec/K2+G0.txt,csv,-8.139999999761342,G3,+0.0,nan,nan
/Users/benjaminroulston/Desktop/SB2_CompositeSpec/K2+G1.txt,csv,-4.456666666535994,G4,-0.5,nan,nan
/Users/benjaminroulston/Desktop/SB2_CompositeSpec/K2+G3.txt,csv,-2.248333333267405,G5,+0.0,nan,nan
/Users/benjaminroulston/Desktop/SB2_CompositeSpec/K2+G4.txt,csv,-9.423333333057043,G8,-0.5,nan,nan
/Users/benjaminroulston/Desktop/SB2_CompositeSpec/K2+G5.txt,csv,-4.184999999877291,G6,+0.0,nan,nan
/Users/benjaminroulston/Desktop/SB2_CompositeSpec/K2+G6.txt,csv,-1.8249999999464863,K1,+0.5,nan,nan
/Users/benjaminroulston/Desktop/SB2_CompositeSpec/K2+G7.txt,csv,-3.719999999890926,G8,+0.0,nan,nan
/Users/benjaminroulston/Desktop/SB2_CompositeSpec/K2+G8.txt,csv,-4.706666666528675,G9,-0.5,nan,nan
/Users/benjaminroulston/Desktop/SB2_CompositeSpec/K2+G9.txt,csv,-6.416666666478541,G9,-0.5,nan,nan
/Users/benjaminroulston/Desktop/SB2_CompositeSpec/K2+WD2.txt,csv,-6.303333333148522,K2,-1.0,nan,nan
/Users/benjaminroulston/Desktop/SB2_CompositeSpec/K2+WD3.txt,csv,-6.344999999813972,K2,-1.0,nan,nan
/Users/benjaminroulston/Desktop/SB2_CompositeSpec/K2+WD4.txt,csv,-4.971666666520891,G6,-0.5,nan,nan
/Users/benjaminroulston/Desktop/SB2_CompositeSpec/K2+WD5.txt,csv,-4.944999999855013,G6,-0.5,nan,nan
/Users/benjaminroulston/Desktop/SB2_CompositeSpec/K2+WD6.txt,csv,-4.91999999985575,G6,-0.5,nan,nan
/Users/benjaminroulston/Desktop/SB2_CompositeSpec/K2+WD7.txt,csv,-13.674999999599057,G8,-0.5,nan,nan
/Users/benjaminroulston/Desktop/SB2_CompositeSpec/K2+WD8.txt,csv,-13.658333332932882,G8,-0.5,nan,nan
/Users/benjaminroulston/Desktop/SB2_CompositeSpec/K2+WD9.txt,csv,-8.89499999973919,G4,-0.5,nan,nan
/Users/benjaminroulston/Desktop/SB2_CompositeSpec/K2+WD10.txt,csv,-8.849999999740517,G4,-0.5,nan,nan
/Users/benjaminroulston/Desktop/SB2_CompositeSpec/K3+F5.txt,csv,-2.34249999993132,F7,-1.0,nan,nan
/Users/benjaminroulston/Desktop/SB2_CompositeSpec/K3+F6.txt,csv,-3.5983333332278313,F7,-1.0,nan,nan
/Users/benjaminroulston/Desktop/SB2_CompositeSpec/K3+F7.txt,csv,-14.513333332907806,G3,-2.0,nan,nan
/Users/benjaminroulston/Desktop/SB2_CompositeSpec/K3+F9.txt,csv,-20.824999999389412,G1,-2.0,nan,nan
/Users/benjaminroulston/Desktop/SB2_CompositeSpec/K3+G0.txt,csv,-7.552499999778575,G3,+0.0,nan,nan
/Users/benjaminroulston/Desktop/SB2_CompositeSpec/K3+G1.txt,csv,-3.379999999900896,G4,-0.5,nan,nan
/Users/benjaminroulston/Desktop/SB2_CompositeSpec/K3+G3.txt,csv,-0.9916666666375865,G5,+0.0,nan,nan
/Users/benjaminroulston/Desktop/SB2_CompositeSpec/K3+G4.txt,csv,-8.139999999761343,G8,-0.5,nan,nan
/Users/benjaminroulston/Desktop/SB2_CompositeSpec/K3+G5.txt,csv,-3.463333333231796,G6,+0.0,nan,nan
/Users/benjaminroulston/Desktop/SB2_CompositeSpec/K3+G6.txt,csv,-1.0833333333015756,K1,+0.5,nan,nan
/Users/benjaminroulston/Desktop/SB2_CompositeSpec/K3+G7.txt,csv,-3.0749999999098363,G9,-0.5,nan,nan
/Users/benjaminroulston/Desktop/SB2_CompositeSpec/K3+G8.txt,csv,-3.6983333332248947,G9,-0.5,nan,nan
/Users/benjaminroulston/Desktop/SB2_CompositeSpec/K3+G9.txt,csv,-5.418333333174473,G9,-0.5,nan,nan
/Users/benjaminroulston/Desktop/SB2_CompositeSpec/K3+WD2.txt,csv,-2.569999999924642,K3,-1.0,nan,nan
/Users/benjaminroulston/Desktop/SB2_CompositeSpec/K3+WD3.txt,csv,-3.128333333241605,K2,-1.0,nan,nan
/Users/benjaminroulston/Desktop/SB2_CompositeSpec/K3+WD4.txt,csv,-4.109999999879503,G6,-0.5,nan,nan
/Users/benjaminroulston/Desktop/SB2_CompositeSpec/K3+WD5.txt,csv,-4.0299999998818326,G6,-0.5,nan,nan
/Users/benjaminroulston/Desktop/SB2_CompositeSpec/K3+WD6.txt,csv,-3.964999999883731,G6,-0.5,nan,nan
/Users/benjaminroulston/Desktop/SB2_CompositeSpec/K3+WD7.txt,csv,-3.922499999884982,G6,-0.5,nan,nan
/Users/benjaminroulston/Desktop/SB2_CompositeSpec/K3+WD8.txt,csv,-3.8924999998858727,G6,-0.5,nan,nan
/Users/benjaminroulston/Desktop/SB2_CompositeSpec/K3+WD9.txt,csv,-5.776666666497296,G4,-0.5,nan,nan
/Users/benjaminroulston/Desktop/SB2_CompositeSpec/K3+WD10.txt,csv,-5.71333333316581,G4,-0.5,nan,nan
/Users/benjaminroulston/Desktop/SB2_CompositeSpec/K4+F5.txt,csv,-3.0424999999107936,F7,-1.0,nan,nan
/Users/benjaminroulston/Desktop/SB2_CompositeSpec/K4+F6.txt,csv,-5.45166666650682,F7,-2.0,nan,nan
/Users/benjaminroulston/Desktop/SB2_CompositeSpec/K4+F7.txt,csv,-23.933333332631605,G3,-2.0,nan,nan
/Users/benjaminroulston/Desktop/SB2_CompositeSpec/K4+F9.txt,csv,-21.90499999935774,G1,-2.0,nan,nan
/Users/benjaminroulston/Desktop/SB2_CompositeSpec/K4+G0.txt,csv,-7.999999999765437,G3,+0.0,nan,nan
/Users/benjaminroulston/Desktop/SB2_CompositeSpec/K4+G1.txt,csv,-6.619999999805914,G8,-1.5,nan,nan
/Users/benjaminroulston/Desktop/SB2_CompositeSpec/K4+G3.txt,csv,-2.016666666607543,G5,+0.0,nan,nan
/Users/benjaminroulston/Desktop/SB2_CompositeSpec/K4+G4.txt,csv,-9.239999999729097,G8,-0.5,nan,nan
/Users/benjaminroulston/Desktop/SB2_CompositeSpec/K4+G5.txt,csv,-4.068333333214052,G6,+0.0,nan,nan
/Users/benjaminroulston/Desktop/SB2_CompositeSpec/K4+G6.txt,csv,-1.504999999955866,K1,+0.5,nan,nan
/Users/benjaminroulston/Desktop/SB2_CompositeSpec/K4+G7.txt,csv,0.8074999999763148,K1,-1.0,nan,nan
/Users/benjaminroulston/Desktop/SB2_CompositeSpec/K4+G8.txt,csv,-4.3849999998714315,G9,+0.0,nan,nan
/Users/benjaminroulston/Desktop/SB2_CompositeSpec/K4+G9.txt,csv,-6.1883333331519,G9,-0.5,nan,nan
/Users/benjaminroulston/Desktop/SB2_CompositeSpec/K4+WD2.txt,csv,-3.8633333332200657,K4,-1.0,nan,nan
/Users/benjaminroulston/Desktop/SB2_CompositeSpec/K4+WD3.txt,csv,-3.8566666665535827,K4,-1.0,nan,nan
/Users/benjaminroulston/Desktop/SB2_CompositeSpec/K4+WD4.txt,csv,-6.1949999998183705,K3,-1.0,nan,nan
/Users/benjaminroulston/Desktop/SB2_CompositeSpec/K4+WD5.txt,csv,-6.059999999822311,K2,-1.0,nan,nan
/Users/benjaminroulston/Desktop/SB2_CompositeSpec/K4+WD6.txt,csv,-5.346666666509901,G6,-0.5,nan,nan
/Users/benjaminroulston/Desktop/SB2_CompositeSpec/K4+WD7.txt,csv,-5.311666666510923,G6,-0.5,nan,nan
/Users/benjaminroulston/Desktop/SB2_CompositeSpec/K4+WD8.txt,csv,-5.289999999844897,G6,-0.5,nan,nan
/Users/benjaminroulston/Desktop/SB2_CompositeSpec/K4+WD9.txt,csv,-5.271666666512098,G6,-0.5,nan,nan
/Users/benjaminroulston/Desktop/SB2_CompositeSpec/K4+WD10.txt,csv,-5.209999999847237,G6,-0.5,nan,nan
/Users/benjaminroulston/Desktop/SB2_CompositeSpec/K5+F5.txt,csv,-1.8474999999458275,F7,-1.0,nan,nan
/Users/benjaminroulston/Desktop/SB2_CompositeSpec/K5+F6.txt,csv,-2.9566666665799786,F7,-2.0,nan,nan
/Users/benjaminroulston/Desktop/SB2_CompositeSpec/K5+F7.txt,csv,-12.231666666308032,G4,-1.5,nan,nan
/Users/benjaminroulston/Desktop/SB2_CompositeSpec/K5+F9.txt,csv,-18.51999999945699,G1,-2.0,nan,nan
/Users/benjaminroulston/Desktop/SB2_CompositeSpec/K5+G0.txt,csv,-7.4449999997817145,G3,+0.0,nan,nan
/Users/benjaminroulston/Desktop/SB2_CompositeSpec/K5+G1.txt,csv,-5.309999999844314,G8,-1.5,nan,nan
/Users/benjaminroulston/Desktop/SB2_CompositeSpec/K5+G3.txt,csv,-0.9249999999728807,G5,+0.0,nan,nan
/Users/benjaminroulston/Desktop/SB2_CompositeSpec/K5+G4.txt,csv,-7.923333333101014,G8,+0.0,nan,nan
/Users/benjaminroulston/Desktop/SB2_CompositeSpec/K5+G5.txt,csv,-6.473333333143539,K1,+0.5,nan,nan
/Users/benjaminroulston/Desktop/SB2_CompositeSpec/K5+G6.txt,csv,-0.9983333333040729,K1,+0.5,nan,nan
/Users/benjaminroulston/Desktop/SB2_CompositeSpec/K5+G7.txt,csv,-3.3374999999021444,G8,+0.0,nan,nan
/Users/benjaminroulston/Desktop/SB2_CompositeSpec/K5+G8.txt,csv,-3.4199999998997357,G9,-0.5,nan,nan
/Users/benjaminroulston/Desktop/SB2_CompositeSpec/K5+G9.txt,csv,-2.744999999919521,K2,+0.5,nan,nan
/Users/benjaminroulston/Desktop/SB2_CompositeSpec/K5+WD2.txt,csv,-1.8999999999442878,K5,-0.5,nan,nan
/Users/benjaminroulston/Desktop/SB2_CompositeSpec/K5+WD3.txt,csv,-0.7399999999783061,K4,-1.0,nan,nan
/Users/benjaminroulston/Desktop/SB2_CompositeSpec/K5+WD4.txt,csv,-0.6916666666463996,K4,-1.0,nan,nan
/Users/benjaminroulston/Desktop/SB2_CompositeSpec/K5+WD5.txt,csv,-2.643333333255828,K3,-1.0,nan,nan
/Users/benjaminroulston/Desktop/SB2_CompositeSpec/K5+WD6.txt,csv,-2.6433333332558395,K2,-1.0,nan,nan
/Users/benjaminroulston/Desktop/SB2_CompositeSpec/K5+WD7.txt,csv,-0.9949999999708373,G6,-0.5,nan,nan
/Users/benjaminroulston/Desktop/SB2_CompositeSpec/K5+WD8.txt,csv,-0.9633333333050822,G6,-0.5,nan,nan
/Users/benjaminroulston/Desktop/SB2_CompositeSpec/K5+WD9.txt,csv,-0.934999999972586,G6,-0.5,nan,nan
/Users/benjaminroulston/Desktop/SB2_CompositeSpec/K5+WD10.txt,csv,-0.8716666666411076,G6,-0.5,nan,nan
/Users/benjaminroulston/Desktop/SB2_CompositeSpec/K7+F5.txt,csv,-15.384999999548912,F7,-1.0,nan,nan
/Users/benjaminroulston/Desktop/SB2_CompositeSpec/K7+F6.txt,csv,-5.838333333162147,F7,-1.0,nan,nan
/Users/benjaminroulston/Desktop/SB2_CompositeSpec/K7+F7.txt,csv,-34.36499999899243,G3,-2.0,nan,nan
/Users/benjaminroulston/Desktop/SB2_CompositeSpec/K7+F9.txt,csv,-26.542499999221775,G1,-2.0,nan,nan
/Users/benjaminroulston/Desktop/SB2_CompositeSpec/K7+G0.txt,csv,-6.029999999823202,G2,-0.5,nan,nan
/Users/benjaminroulston/Desktop/SB2_CompositeSpec/K7+G1.txt,csv,-6.229999999817331,G8,-1.5,nan,nan
/Users/benjaminroulston/Desktop/SB2_CompositeSpec/K7+G3.txt,csv,-2.539999999925525,G5,+0.0,nan,nan
/Users/benjaminroulston/Desktop/SB2_CompositeSpec/K7+G4.txt,csv,-9.161666666398046,G8,+0.0,nan,nan
/Users/benjaminroulston/Desktop/SB2_CompositeSpec/K7+G5.txt,csv,-4.639999999863953,G6,+0.0,nan,nan
/Users/benjaminroulston/Desktop/SB2_CompositeSpec/K7+G6.txt,csv,-1.751666666615303,K1,+0.5,nan,nan
/Users/benjaminroulston/Desktop/SB2_CompositeSpec/K7+G7.txt,csv,-3.6599999998926953,K1,-1.0,nan,nan
/Users/benjaminroulston/Desktop/SB2_CompositeSpec/K7+G8.txt,csv,-5.093333333183987,G9,-0.5,nan,nan
/Users/benjaminroulston/Desktop/SB2_CompositeSpec/K7+G9.txt,csv,-6.83833333313284,K1,-1.0,nan,nan
/Users/benjaminroulston/Desktop/SB2_CompositeSpec/K7+WD2.txt,csv,-13.331666666275785,K7,+0.5,nan,nan
/Users/benjaminroulston/Desktop/SB2_CompositeSpec/K7+WD3.txt,csv,-10.604999999689056,K5,-0.5,nan,nan
/Users/benjaminroulston/Desktop/SB2_CompositeSpec/K7+WD4.txt,csv,-9.523333333054104,K4,-1.0,nan,nan
/Users/benjaminroulston/Desktop/SB2_CompositeSpec/K7+WD5.txt,csv,-10.889999999680706,K3,-1.0,nan,nan
/Users/benjaminroulston/Desktop/SB2_CompositeSpec/K7+WD6.txt,csv,-10.819999999682764,K3,-1.0,nan,nan
/Users/benjaminroulston/Desktop/SB2_CompositeSpec/K7+WD7.txt,csv,-8.157499999760818,K1,-2.0,nan,nan
/Users/benjaminroulston/Desktop/SB2_CompositeSpec/K7+WD8.txt,csv,-8.104999999762361,K1,-2.0,nan,nan
/Users/benjaminroulston/Desktop/SB2_CompositeSpec/K7+WD9.txt,csv,-9.134999999732173,G6,-0.5,nan,nan
/Users/benjaminroulston/Desktop/SB2_CompositeSpec/K7+WD10.txt,csv,-9.03666666640171,G6,-0.5,nan,nan
/Users/benjaminroulston/Desktop/SB2_CompositeSpec/M0+G0.txt,csv,-4.612499999864761,G2,-0.5,nan,nan
/Users/benjaminroulston/Desktop/SB2_CompositeSpec/M0+G1.txt,csv,-2.701666666587459,G4,-0.5,nan,nan
/Users/benjaminroulston/Desktop/SB2_CompositeSpec/M0+G3.txt,csv,-0.8233333333091868,G5,+0.0,nan,nan
/Users/benjaminroulston/Desktop/SB2_CompositeSpec/M0+G4.txt,csv,-7.646666666442464,G8,-0.5,nan,nan
/Users/benjaminroulston/Desktop/SB2_CompositeSpec/M0+G5.txt,csv,-3.5066666665638517,G6,+0.0,nan,nan
/Users/benjaminroulston/Desktop/SB2_CompositeSpec/M0+G6.txt,csv,-0.5416666666507783,K1,+0.5,nan,nan
/Users/benjaminroulston/Desktop/SB2_CompositeSpec/M0+G7.txt,csv,1.6299999999522172,K1,-1.0,nan,nan
/Users/benjaminroulston/Desktop/SB2_CompositeSpec/M0+G8.txt,csv,-3.0833333332429276,G9,-0.5,nan,nan
/Users/benjaminroulston/Desktop/SB2_CompositeSpec/M0+G9.txt,csv,-5.0966666665172236,G9,-0.5,nan,nan
/Users/benjaminroulston/Desktop/SB2_CompositeSpec/M0+K0.txt,csv,-3.856666666553597,K2,-1.0,nan,nan
/Users/benjaminroulston/Desktop/SB2_CompositeSpec/M0+K1.txt,csv,-3.178333333240147,K1,+0.5,nan,nan
/Users/benjaminroulston/Desktop/SB2_CompositeSpec/M0+K2.txt,csv,-3.3299999999023697,K4,-1.0,nan,nan
/Users/benjaminroulston/Desktop/SB2_CompositeSpec/M0+K3.txt,csv,-0.8899999999739006,K4,-1.0,nan,nan
/Users/benjaminroulston/Desktop/SB2_CompositeSpec/M0+K4.txt,csv,-4.0066666665491875,K5,-0.5,nan,nan
/Users/benjaminroulston/Desktop/SB2_CompositeSpec/M0+K5.txt,csv,-2.099999999938435,K5,+0.5,nan,nan
/Users/benjaminroulston/Desktop/SB2_CompositeSpec/M0+K7.txt,csv,-9.731666666381328,K7,+0.5,nan,nan
/Users/benjaminroulston/Desktop/SB2_CompositeSpec/M0+WD2.txt,csv,-4.761666666527053,K7,+0.5,nan,nan
/Users/benjaminroulston/Desktop/SB2_CompositeSpec/M0+WD3.txt,csv,-2.0299999999404874,K5,-2.0,nan,nan
/Users/benjaminroulston/Desktop/SB2_CompositeSpec/M0+WD4.txt,csv,3.1799999999067707,K3,-2.0,nan,nan
/Users/benjaminroulston/Desktop/SB2_CompositeSpec/M0+WD5.txt,csv,1.4549999999573346,K1,-2.0,nan,nan
/Users/benjaminroulston/Desktop/SB2_CompositeSpec/M0+WD6.txt,csv,1.4974999999560796,K1,-2.0,nan,nan
/Users/benjaminroulston/Desktop/SB2_CompositeSpec/M0+WD7.txt,csv,-1.4124999999585912,G8,+0.0,nan,nan
/Users/benjaminroulston/Desktop/SB2_CompositeSpec/M0+WD8.txt,csv,5.529999999837857,G6,-0.5,nan,nan
/Users/benjaminroulston/Desktop/SB2_CompositeSpec/M0+WD9.txt,csv,5.594999999835959,G6,-0.5,nan,nan
/Users/benjaminroulston/Desktop/SB2_CompositeSpec/M0+WD10.txt,csv,3.039999999910864,G3,-2.0,nan,nan
/Users/benjaminroulston/Desktop/SB2_CompositeSpec/M1+G0.txt,csv,-7.639999999775993,G3,+0.0,nan,nan
/Users/benjaminroulston/Desktop/SB2_CompositeSpec/M1+G1.txt,csv,-2.368333333263895,G4,-0.5,nan,nan
/Users/benjaminroulston/Desktop/SB2_CompositeSpec/M1+G3.txt,csv,-0.7716666666440446,G5,+0.0,nan,nan
/Users/benjaminroulston/Desktop/SB2_CompositeSpec/M1+G4.txt,csv,-7.601666666443777,G8,-0.5,nan,nan
/Users/benjaminroulston/Desktop/SB2_CompositeSpec/M1+G5.txt,csv,-10.21166666636726,G8,+0.0,nan,nan
/Users/benjaminroulston/Desktop/SB2_CompositeSpec/M1+G6.txt,csv,-0.2883333333248756,K1,+0.5,nan,nan
/Users/benjaminroulston/Desktop/SB2_CompositeSpec/M1+G7.txt,csv,1.9149999999438654,K1,-1.0,nan,nan
/Users/benjaminroulston/Desktop/SB2_CompositeSpec/M1+G8.txt,csv,-2.85833333324952,G9,-0.5,nan,nan
/Users/benjaminroulston/Desktop/SB2_CompositeSpec/M1+G9.txt,csv,-4.96499999985443,G9,-0.5,nan,nan
/Users/benjaminroulston/Desktop/SB2_CompositeSpec/M1+K0.txt,csv,-6.069999999822031,K2,-1.0,nan,nan
/Users/benjaminroulston/Desktop/SB2_CompositeSpec/M1+K1.txt,csv,-3.0399999999108753,K1,+0.5,nan,nan
/Users/benjaminroulston/Desktop/SB2_CompositeSpec/M1+K2.txt,csv,-3.5199999998967897,K4,-1.0,nan,nan
/Users/benjaminroulston/Desktop/SB2_CompositeSpec/M1+K3.txt,csv,-0.4833333333191681,K4,-1.0,nan,nan
/Users/benjaminroulston/Desktop/SB2_CompositeSpec/M1+K4.txt,csv,-4.03833333321493,K5,-0.5,nan,nan
/Users/benjaminroulston/Desktop/SB2_CompositeSpec/M1+K5.txt,csv,-1.7366666666157444,K5,+0.5,nan,nan
/Users/benjaminroulston/Desktop/SB2_CompositeSpec/M1+K7.txt,csv,-12.28166666630657,M0,+0.5,nan,nan
/Users/benjaminroulston/Desktop/SB2_CompositeSpec/M1+WD2.txt,csv,-4.096666666546556,K7,-0.5,nan,nan
/Users/benjaminroulston/Desktop/SB2_CompositeSpec/M1+WD3.txt,csv,3.9674999998836693,K5,-2.0,nan,nan
/Users/benjaminroulston/Desktop/SB2_CompositeSpec/M1+WD4.txt,csv,-1.2216666666308544,K1,-2.0,nan,nan
/Users/benjaminroulston/Desktop/SB2_CompositeSpec/M1+WD5.txt,csv,254.9999999925234,K1,-2.0,nan,nan
/Users/benjaminroulston/Desktop/SB2_CompositeSpec/M1+WD6.txt,csv,-21.896666666024647,WD4,+0.0,nan,nan
/Users/benjaminroulston/Desktop/SB2_CompositeSpec/M1+WD7.txt,csv,-23.458333332645537,WD4,+0.0,nan,nan
/Users/benjaminroulston/Desktop/SB2_CompositeSpec/M1+WD8.txt,csv,-25.73833333257868,WD4,+0.0,nan,nan
/Users/benjaminroulston/Desktop/SB2_CompositeSpec/M1+WD9.txt,csv,-254.9999999925234,WD2,+0.0,nan,nan
/Users/benjaminroulston/Desktop/SB2_CompositeSpec/M1+WD10.txt,csv,-254.9999999925234,WD2,+0.0,nan,nan
/Users/benjaminroulston/Desktop/SB2_CompositeSpec/M2+G0.txt,csv,7.539999999778921,G0,-0.5,nan,nan
/Users/benjaminroulston/Desktop/SB2_CompositeSpec/M2+G1.txt,csv,-2.239999999934326,G4,-0.5,nan,nan
/Users/benjaminroulston/Desktop/SB2_CompositeSpec/M2+G3.txt,csv,-5.226666666513421,G4,-0.5,nan,nan
/Users/benjaminroulston/Desktop/SB2_CompositeSpec/M2+G4.txt,csv,-7.549999999778639,G8,-0.5,nan,nan
/Users/benjaminroulston/Desktop/SB2_CompositeSpec/M2+G5.txt,csv,-10.219999999700352,G8,+0.0,nan,nan
/Users/benjaminroulston/Desktop/SB2_CompositeSpec/M2+G6.txt,csv,3.2399999999050006,G6,+0.0,nan,nan
/Users/benjaminroulston/Desktop/SB2_CompositeSpec/M2+G7.txt,csv,-2.201666666602106,G9,-0.5,nan,nan
/Users/benjaminroulston/Desktop/SB2_CompositeSpec/M2+G8.txt,csv,-5.648333333167721,G8,+0.0,nan,nan
/Users/benjaminroulston/Desktop/SB2_CompositeSpec/M2+G9.txt,csv,-4.884999999856775,G9,-0.5,nan,nan
/Users/benjaminroulston/Desktop/SB2_CompositeSpec/M2+K0.txt,csv,-5.847499999828545,K2,-1.0,nan,nan
/Users/benjaminroulston/Desktop/SB2_CompositeSpec/M2+K1.txt,csv,-2.899999999914968,K1,+0.5,nan,nan
/Users/benjaminroulston/Desktop/SB2_CompositeSpec/M2+K2.txt,csv,-3.4933333332309076,K4,-1.0,nan,nan
/Users/benjaminroulston/Desktop/SB2_CompositeSpec/M2+K3.txt,csv,-0.149999999995589,K4,-1.0,nan,nan
/Users/benjaminroulston/Desktop/SB2_CompositeSpec/M2+K4.txt,csv,-3.934999999884623,K5,-0.5,nan,nan
/Users/benjaminroulston/Desktop/SB2_CompositeSpec/M2+K5.txt,csv,-1.4383333332911585,K5,+0.5,nan,nan
/Users/benjaminroulston/Desktop/SB2_CompositeSpec/M2+K7.txt,csv,-12.591666666297483,M0,+0.5,nan,nan
/Users/benjaminroulston/Desktop/SB2_CompositeSpec/M2+WD2.txt,csv,0.009999999999706466,M0,+0.5,nan,nan
/Users/benjaminroulston/Desktop/SB2_CompositeSpec/M2+WD3.txt,csv,-4.884999999856777,WD4,+0.0,nan,nan
/Users/benjaminroulston/Desktop/SB2_CompositeSpec/M2+WD4.txt,csv,-9.85499999971105,WD4,+0.0,nan,nan
/Users/benjaminroulston/Desktop/SB2_CompositeSpec/M2+WD5.txt,csv,-48.50166666524459,WD4,+0.0,nan,nan
/Users/benjaminroulston/Desktop/SB2_CompositeSpec/M2+WD6.txt,csv,-49.291666665221435,WD4,+0.0,nan,nan
/Users/benjaminroulston/Desktop/SB2_CompositeSpec/M2+WD7.txt,csv,-50.08499999853152,WD4,+0.0,nan,nan
/Users/benjaminroulston/Desktop/SB2_CompositeSpec/M2+WD8.txt,csv,-51.6949999984843,WD4,+0.0,nan,nan
/Users/benjaminroulston/Desktop/SB2_CompositeSpec/M2+WD9.txt,csv,-254.9999999925234,WD2,+0.0,nan,nan
/Users/benjaminroulston/Desktop/SB2_CompositeSpec/M2+WD10.txt,csv,-254.9999999925234,WD2,+0.0,nan,nan
/Users/benjaminroulston/Desktop/SB2_CompositeSpec/M3+G0.txt,csv,-6.268333333149552,G0,-0.5,nan,nan
/Users/benjaminroulston/Desktop/SB2_CompositeSpec/M3+G1.txt,csv,-5.504999999838606,G3,+0.0,nan,nan
/Users/benjaminroulston/Desktop/SB2_CompositeSpec/M3+G3.txt,csv,-5.093333333183999,G3,+0.0,nan,nan
/Users/benjaminroulston/Desktop/SB2_CompositeSpec/M3+G4.txt,csv,-7.899999999768371,G8,-1.5,nan,nan
/Users/benjaminroulston/Desktop/SB2_CompositeSpec/M3+G5.txt,csv,-0.04249999999875387,G5,+0.0,nan,nan
/Users/benjaminroulston/Desktop/SB2_CompositeSpec/M3+G6.txt,csv,3.0583333332436546,G6,+0.0,nan,nan
/Users/benjaminroulston/Desktop/SB2_CompositeSpec/M3+G7.txt,csv,1.8199999999466476,G9,-0.5,nan,nan
/Users/benjaminroulston/Desktop/SB2_CompositeSpec/M3+G8.txt,csv,-5.976666666491421,G8,-0.5,nan,nan
/Users/benjaminroulston/Desktop/SB2_CompositeSpec/M3+G9.txt,csv,-5.294999999844749,G9,-0.5,nan,nan
/Users/benjaminroulston/Desktop/SB2_CompositeSpec/M3+K0.txt,csv,-8.244999999758257,G9,-0.5,nan,nan
/Users/benjaminroulston/Desktop/SB2_CompositeSpec/M3+K1.txt,csv,-4.932499999855383,G6,+0.0,nan,nan
/Users/benjaminroulston/Desktop/SB2_CompositeSpec/M3+K2.txt,csv,-6.414999999811908,K3,-1.0,nan,nan
/Users/benjaminroulston/Desktop/SB2_CompositeSpec/M3+K3.txt,csv,-2.2249999999347527,K3,-1.0,nan,nan
/Users/benjaminroulston/Desktop/SB2_CompositeSpec/M3+K4.txt,csv,-4.636666666530732,K5,-0.5,nan,nan
/Users/benjaminroulston/Desktop/SB2_CompositeSpec/M3+K5.txt,csv,-1.826666666613118,K5,+0.5,nan,nan
/Users/benjaminroulston/Desktop/SB2_CompositeSpec/M3+K7.txt,csv,-12.898333332955147,K7,+0.5,nan,nan
/Users/benjaminroulston/Desktop/SB2_CompositeSpec/M3+WD2.txt,csv,28.68666666582557,WD4,+0.0,nan,nan
/Users/benjaminroulston/Desktop/SB2_CompositeSpec/M3+WD3.txt,csv,34.87166666564423,F5,-1.0,nan,nan
/Users/benjaminroulston/Desktop/SB2_CompositeSpec/M3+WD4.txt,csv,32.431666665715774,F0,-1.5,nan,nan
/Users/benjaminroulston/Desktop/SB2_CompositeSpec/M3+WD5.txt,csv,46.588333331967384,F0,-1.5,nan,nan
/Users/benjaminroulston/Desktop/SB2_CompositeSpec/M3+WD6.txt,csv,54.866666665057984,F0,-1.5,nan,nan
/Users/benjaminroulston/Desktop/SB2_CompositeSpec/M3+WD7.txt,csv,76.60999999775382,F0,-1.5,nan,nan
/Users/benjaminroulston/Desktop/SB2_CompositeSpec/M3+WD8.txt,csv,172.418333328278,B6,+0.0,nan,nan
/Users/benjaminroulston/Desktop/SB2_CompositeSpec/M3+WD9.txt,csv,172.37833332827918,B6,+0.0,nan,nan
/Users/benjaminroulston/Desktop/SB2_CompositeSpec/M3+WD10.txt,csv,174.26666666155714,B6,+0.0,nan,nan
/Users/benjaminroulston/Desktop/SB2_CompositeSpec/M4+G0.txt,csv,-4.844999999857946,F7,+0.0,nan,nan
/Users/benjaminroulston/Desktop/SB2_CompositeSpec/M4+G1.txt,csv,-5.4824999998392485,G3,+0.0,nan,nan
/Users/benjaminroulston/Desktop/SB2_CompositeSpec/M4+G3.txt,csv,-5.118333333183272,G3,+0.0,nan,nan
/Users/benjaminroulston/Desktop/SB2_CompositeSpec/M4+G4.txt,csv,-7.908333333101456,G8,-1.5,nan,nan
/Users/benjaminroulston/Desktop/SB2_CompositeSpec/M4+G5.txt,csv,-0.029999999999120674,G5,+0.0,nan,nan
/Users/benjaminroulston/Desktop/SB2_CompositeSpec/M4+G6.txt,csv,3.0566666665770406,G6,+0.0,nan,nan
/Users/benjaminroulston/Desktop/SB2_CompositeSpec/M4+G7.txt,csv,1.8449999999459092,G9,-0.5,nan,nan
/Users/benjaminroulston/Desktop/SB2_CompositeSpec/M4+G8.txt,csv,-5.971666666491579,G8,-0.5,nan,nan
/Users/benjaminroulston/Desktop/SB2_CompositeSpec/M4+G9.txt,csv,-5.376666666509029,G9,-0.5,nan,nan
/Users/benjaminroulston/Desktop/SB2_CompositeSpec/M4+K0.txt,csv,-8.229999999758697,G9,-0.5,nan,nan
/Users/benjaminroulston/Desktop/SB2_CompositeSpec/M4+K1.txt,csv,-4.989999999853688,G6,+0.0,nan,nan
/Users/benjaminroulston/Desktop/SB2_CompositeSpec/M4+K2.txt,csv,-6.529999999808541,K3,-1.0,nan,nan
/Users/benjaminroulston/Desktop/SB2_CompositeSpec/M4+K3.txt,csv,-2.3449999999312467,K3,-1.0,nan,nan
/Users/benjaminroulston/Desktop/SB2_CompositeSpec/M4+K4.txt,csv,-4.7416666665276415,K5,-0.5,nan,nan
/Users/benjaminroulston/Desktop/SB2_CompositeSpec/M4+K5.txt,csv,-1.8633333332786914,K5,+0.5,nan,nan
/Users/benjaminroulston/Desktop/SB2_CompositeSpec/M4+K7.txt,csv,-13.206666666279437,K7,+0.5,nan,nan
/Users/benjaminroulston/Desktop/SB2_CompositeSpec/M4+WD2.txt,csv,-1.5983333332864618,G9,-0.5,nan,nan
/Users/benjaminroulston/Desktop/SB2_CompositeSpec/M4+WD3.txt,csv,68.39666666466128,A9,-0.5,nan,nan
/Users/benjaminroulston/Desktop/SB2_CompositeSpec/M4+WD4.txt,csv,7.958333333100019,A6,+0.0,nan,nan
/Users/benjaminroulston/Desktop/SB2_CompositeSpec/M4+WD5.txt,csv,111.16333333007402,B6,+0.0,nan,nan
/Users/benjaminroulston/Desktop/SB2_CompositeSpec/M4+WD6.txt,csv,119.44666666316449,B6,+0.0,nan,nan
/Users/benjaminroulston/Desktop/SB2_CompositeSpec/M4+WD7.txt,csv,135.2416666627014,B6,+0.0,nan,nan
/Users/benjaminroulston/Desktop/SB2_CompositeSpec/M4+WD8.txt,csv,138.32333332927772,B6,+0.0,nan,nan
/Users/benjaminroulston/Desktop/SB2_CompositeSpec/M4+WD9.txt,csv,139.4183333292456,B6,+0.0,nan,nan
/Users/benjaminroulston/Desktop/SB2_CompositeSpec/M4+WD10.txt,csv,6.468333333143657,B2,+0.0,nan,nan
/Users/benjaminroulston/Desktop/SB2_CompositeSpec/M5+G0.txt,csv,-4.764999999860288,F7,+0.0,nan,nan
/Users/benjaminroulston/Desktop/SB2_CompositeSpec/M5+G1.txt,csv,-5.442499999840436,G3,+0.0,nan,nan
/Users/benjaminroulston/Desktop/SB2_CompositeSpec/M5+G3.txt,csv,-5.058333333185017,G3,+0.0,nan,nan
/Users/benjaminroulston/Desktop/SB2_CompositeSpec/M5+G4.txt,csv,-7.851666666436455,G8,-1.5,nan,nan
/Users/benjaminroulston/Desktop/SB2_CompositeSpec/M5+G5.txt,csv,0.007499999999774798,G5,+0.0,nan,nan
/Users/benjaminroulston/Desktop/SB2_CompositeSpec/M5+G6.txt,csv,3.109999999908812,G6,+0.0,nan,nan
/Users/benjaminroulston/Desktop/SB2_CompositeSpec/M5+G7.txt,csv,1.884999999944732,G9,-0.5,nan,nan
/Users/benjaminroulston/Desktop/SB2_CompositeSpec/M5+G8.txt,csv,-5.894999999827153,G8,-0.5,nan,nan
/Users/benjaminroulston/Desktop/SB2_CompositeSpec/M5+G9.txt,csv,-5.283333333178416,G9,-0.5,nan,nan
/Users/benjaminroulston/Desktop/SB2_CompositeSpec/M5+K0.txt,csv,-8.179999999760177,G9,-0.5,nan,nan
/Users/benjaminroulston/Desktop/SB2_CompositeSpec/M5+K1.txt,csv,-4.877499999856994,G6,+0.0,nan,nan
/Users/benjaminroulston/Desktop/SB2_CompositeSpec/M5+K2.txt,csv,-6.376666666479696,K3,-1.0,nan,nan
/Users/benjaminroulston/Desktop/SB2_CompositeSpec/M5+K3.txt,csv,-2.156666666603433,K3,-1.0,nan,nan
/Users/benjaminroulston/Desktop/SB2_CompositeSpec/M5+K4.txt,csv,-4.6366666665307195,K5,-0.5,nan,nan
/Users/benjaminroulston/Desktop/SB2_CompositeSpec/M5+K5.txt,csv,-1.7733333332813377,K5,+0.5,nan,nan
/Users/benjaminroulston/Desktop/SB2_CompositeSpec/M5+K7.txt,csv,-13.11999999961533,K7,+0.5,nan,nan
/Users/benjaminroulston/Desktop/SB2_CompositeSpec/M5+WD2.txt,csv,-62.498333331500895,WD4,+0.0,nan,nan
/Users/benjaminroulston/Desktop/SB2_CompositeSpec/M5+WD3.txt,csv,42.124999998764906,A9,-0.5,nan,nan
/Users/benjaminroulston/Desktop/SB2_CompositeSpec/M5+WD4.txt,csv,49.01249999856295,F0,-1.5,nan,nan
/Users/benjaminroulston/Desktop/SB2_CompositeSpec/M5+WD5.txt,csv,230.09999999325348,B6,+0.0,nan,nan
/Users/benjaminroulston/Desktop/SB2_CompositeSpec/M5+WD6.txt,csv,-73.56166666450984,WD4,+0.0,nan,nan
/Users/benjaminroulston/Desktop/SB2_CompositeSpec/M5+WD7.txt,csv,-75.13166666446382,B6,+0.0,nan,nan
/Users/benjaminroulston/Desktop/SB2_CompositeSpec/M5+WD8.txt,csv,-81.1433333309542,B6,+0.0,nan,nan
/Users/benjaminroulston/Desktop/SB2_CompositeSpec/M5+WD9.txt,csv,-122.49499999640847,O8,+0.0,nan,nan
/Users/benjaminroulston/Desktop/SB2_CompositeSpec/M5+WD10.txt,csv,-250.0624999926682,O8,+0.0,nan,nan
/Users/benjaminroulston/Desktop/SB2_CompositeSpec/M6+G0.txt,csv,-4.827499999858463,F7,+0.0,nan,nan
/Users/benjaminroulston/Desktop/SB2_CompositeSpec/M6+G1.txt,csv,-5.4774999998394,G3,+0.0,nan,nan
/Users/benjaminroulston/Desktop/SB2_CompositeSpec/M6+G3.txt,csv,-5.149999999849,G3,+0.0,nan,nan
/Users/benjaminroulston/Desktop/SB2_CompositeSpec/M6+G4.txt,csv,-7.901666666434985,G8,-1.5,nan,nan
/Users/benjaminroulston/Desktop/SB2_CompositeSpec/M6+G5.txt,csv,-0.024999999999266997,G5,+0.0,nan,nan
/Users/benjaminroulston/Desktop/SB2_CompositeSpec/M6+G6.txt,csv,3.0516666665771868,G6,+0.0,nan,nan
/Users/benjaminroulston/Desktop/SB2_CompositeSpec/M6+G7.txt,csv,1.8574999999455433,G9,-0.5,nan,nan
/Users/benjaminroulston/Desktop/SB2_CompositeSpec/M6+G8.txt,csv,-5.958333333158639,G8,-0.5,nan,nan
/Users/benjaminroulston/Desktop/SB2_CompositeSpec/M6+G9.txt,csv,-5.386666666508735,G9,-0.5,nan,nan
/Users/benjaminroulston/Desktop/SB2_CompositeSpec/M6+K0.txt,csv,-8.217499999759063,G9,-0.5,nan,nan
/Users/benjaminroulston/Desktop/SB2_CompositeSpec/M6+K1.txt,csv,-5.004999999853248,G6,+0.0,nan,nan
/Users/benjaminroulston/Desktop/SB2_CompositeSpec/M6+K2.txt,csv,-6.5466666664747235,K3,-1.0,nan,nan
/Users/benjaminroulston/Desktop/SB2_CompositeSpec/M6+K3.txt,csv,-2.359999999930815,K3,-1.0,nan,nan
/Users/benjaminroulston/Desktop/SB2_CompositeSpec/M6+K4.txt,csv,-4.739999999861028,K5,-0.5,nan,nan
/Users/benjaminroulston/Desktop/SB2_CompositeSpec/M6+K5.txt,csv,-1.8549999999456137,K5,+0.5,nan,nan
/Users/benjaminroulston/Desktop/SB2_CompositeSpec/M6+K7.txt,csv,-13.238333332945187,K7,+0.5,nan,nan
/Users/benjaminroulston/Desktop/SB2_CompositeSpec/M6+WD2.txt,csv,-48.79666666523594,F5,-1.0,nan,nan
/Users/benjaminroulston/Desktop/SB2_CompositeSpec/M6+WD3.txt,csv,14.021666666255564,A9,-0.5,nan,nan
/Users/benjaminroulston/Desktop/SB2_CompositeSpec/M6+WD4.txt,csv,73.7633333311706,B6,+0.0,nan,nan
/Users/benjaminroulston/Desktop/SB2_CompositeSpec/M6+WD5.txt,csv,84.0083333308702,B6,+0.0,nan,nan
/Users/benjaminroulston/Desktop/SB2_CompositeSpec/M6+WD6.txt,csv,-17.31333333282571,B2,+0.0,nan,nan
/Users/benjaminroulston/Desktop/SB2_CompositeSpec/M6+WD7.txt,csv,-138.35666666261005,O8,+0.0,nan,nan
/Users/benjaminroulston/Desktop/SB2_CompositeSpec/M6+WD8.txt,csv,-130.708333329501,O8,+0.0,nan,nan
/Users/benjaminroulston/Desktop/SB2_CompositeSpec/M6+WD9.txt,csv,-123.45166666304708,O8,+0.0,nan,nan
/Users/benjaminroulston/Desktop/SB2_CompositeSpec/M6+WD10.txt,csv,-116.75499999657676,O8,+0.0,nan,nan
/Users/benjaminroulston/Desktop/SB2_CompositeSpec/M7+G0.txt,csv,-4.847499999857873,F7,+0.0,nan,nan
/Users/benjaminroulston/Desktop/SB2_CompositeSpec/M7+G1.txt,csv,-5.489999999839028,G3,+0.0,nan,nan
/Users/benjaminroulston/Desktop/SB2_CompositeSpec/M7+G3.txt,csv,-5.201666666514153,G3,+0.0,nan,nan
/Users/benjaminroulston/Desktop/SB2_CompositeSpec/M7+G4.txt,csv,-7.963333333099854,G8,-1.5,nan,nan
/Users/benjaminroulston/Desktop/SB2_CompositeSpec/M7+G5.txt,csv,-0.027499999999193947,G5,+0.0,nan,nan
/Users/benjaminroulston/Desktop/SB2_CompositeSpec/M7+G6.txt,csv,3.013333333244981,G6,+0.0,nan,nan
/Users/benjaminroulston/Desktop/SB2_CompositeSpec/M7+G7.txt,csv,1.8674999999452497,G9,-0.5,nan,nan
/Users/benjaminroulston/Desktop/SB2_CompositeSpec/M7+G8.txt,csv,-6.023333333156731,G8,+0.0,nan,nan
/Users/benjaminroulston/Desktop/SB2_CompositeSpec/M7+G9.txt,csv,-1.3449999999605582,G6,+0.0,nan,nan
/Users/benjaminroulston/Desktop/SB2_CompositeSpec/M7+K0.txt,csv,-8.22749999975877,G9,-0.5,nan,nan
/Users/benjaminroulston/Desktop/SB2_CompositeSpec/M7+K1.txt,csv,-5.15249999984893,G6,+0.0,nan,nan
/Users/benjaminroulston/Desktop/SB2_CompositeSpec/M7+K2.txt,csv,-6.668333333137809,K3,-1.0,nan,nan
/Users/benjaminroulston/Desktop/SB2_CompositeSpec/M7+K3.txt,csv,-2.4699999999275906,K3,-1.0,nan,nan
/Users/benjaminroulston/Desktop/SB2_CompositeSpec/M7+K4.txt,csv,-3.8116666665548973,K4,-1.0,nan,nan
/Users/benjaminroulston/Desktop/SB2_CompositeSpec/M7+K5.txt,csv,-1.8866666666113456,K5,+0.5,nan,nan
/Users/benjaminroulston/Desktop/SB2_CompositeSpec/M7+K7.txt,csv,-13.336666666275635,K7,+0.5,nan,nan
/Users/benjaminroulston/Desktop/SB2_CompositeSpec/M7+WD2.txt,csv,37.16833333224357,WD3,+0.0,nan,nan
/Users/benjaminroulston/Desktop/SB2_CompositeSpec/M7+WD3.txt,csv,-19.464999999429306,WD4,+0.0,nan,nan
/Users/benjaminroulston/Desktop/SB2_CompositeSpec/M7+WD4.txt,csv,5.306666666511082,WD4,+0.0,nan,nan
/Users/benjaminroulston/Desktop/SB2_CompositeSpec/M7+WD5.txt,csv,53.68333333175932,WD6,+0.0,nan,nan
/Users/benjaminroulston/Desktop/SB2_CompositeSpec/M7+WD6.txt,csv,63.62666666480114,WD6,+0.0,nan,nan
/Users/benjaminroulston/Desktop/SB2_CompositeSpec/M7+WD7.txt,csv,73.65499999784045,WD6,+0.0,nan,nan
/Users/benjaminroulston/Desktop/SB2_CompositeSpec/M7+WD8.txt,csv,78.5666666643631,WD6,+0.0,nan,nan
/Users/benjaminroulston/Desktop/SB2_CompositeSpec/M7+WD9.txt,csv,83.70999999754564,WD6,+0.0,nan,nan
/Users/benjaminroulston/Desktop/SB2_CompositeSpec/M7+WD10.txt,csv,90.34666666401772,WD6,+0.0,nan,nan